Data Storage (GB),Software Licenses,Type of machine,GPU,File import,Export file size (MB),Time period,Cost in pounds
500,Speech Services,16_64,NC12,No,100,18,37367.4978
50,None,8_32,NC12 Promo,No,2000,12,3598.8908
500,Speech Services,4_16,NC12 Promo,No,0,18,31063.9254
50,Speech Services,4_16,NV12s v3,No,1000,6,4245.1618
100,Speaker,32_128,NV12,Yes,0,12,7895.5887
500,Speaker,16_64,NC12 Promo,No,500,3,30471.2313
750,Speech Services,16_64,NC12,Yes,0,6,46742.4426
250,Immersive Reader,4_16,NC12 Promo,No,1000,18,16778.7154
1000,None,8_32,None,No,100,12,57365.6308
1000,Speaker,4_16,NV12,Yes,100,3,59145.7109
250,Speaker,32_128,None,Yes,500,6,20133.5198
500,None,8_32,NV12,Yes,0,12,30317.6508
500,Speaker,64_256,NC12,No,0,18,64768.157
500,Speaker,8_32,NC12,Yes,0,6,31216.1036
500,None,16_64,NV12s v3,No,100,12,29614.5516
750,Face,32_128,NV12,Yes,2000,18,61926.7594
1000,Immersive Reader,8_32,NC12 Promo,No,500,3,58468.5918
250,Speech Services,8_32,NV12s v3,Yes,500,3,15687.1418
500,None,8_32,NC12,Yes,100,3,30590.4918
1000,Face,64_256,NC12,No,1000,6,70203.499
1000,Face,4_16,None,No,2000,6,57883.1218
250,Speech Services,64_256,NV12s v3,Yes,2000,3,20879.7495
50,Speech Services,64_256,NV12,No,100,6,16040.529
1000,Text Analytics,64_256,NC12 Promo,Yes,1000,3,63648.0995
750,Text Analytics,32_128,NV12s v3,Yes,100,3,46582.8949
1000,Face,64_256,NV12s v3,Yes,500,18,92788.837
50,Face,64_256,NC12 Promo,No,1000,6,15070.889
500,Immersive Reader,32_128,None,Yes,5000,12,29236.3087
750,Speech Services,64_256,None,Yes,500,12,44100.9421
50,None,32_128,NV12s v3,No,2000,12,4213.9287
50,Immersive Reader,4_16,NV12s v3,Yes,500,12,3689.4804
500,Speech Services,16_64,NC12,Yes,2000,3,31223.7313
500,Face,32_128,NV12,No,1000,6,36015.5298
250,Face,4_16,NV12s v3,Yes,5000,3,15399.3909
1000,Face,8_32,NC12,No,100,3,59213.2118
250,None,16_64,NC12,No,2000,3,16913.7913
50,Speaker,32_128,NC12,No,2000,3,7146.6449
750,Face,32_128,NC12,No,5000,18,61703.1594
250,Speech Services,32_128,NV12s v3,No,5000,18,32481.0494
1000,None,32_128,NC12,No,0,6,64385.3798
250,None,16_64,NC12,No,100,12,15903.9916
250,Speaker,16_64,None,Yes,500,3,15568.1813
50,None,8_32,NV12s v3,No,1000,6,4862.1436
500,None,4_16,NV12s v3,No,100,3,29682.6209
1000,Text Analytics,4_16,NC12,Yes,0,3,58896.2009
500,Face,16_64,NC12 Promo,Yes,0,6,31680.5026
50,Immersive Reader,4_16,None,No,0,18,4720.0754
1000,Text Analytics,8_32,NV12,No,1000,18,62536.7508
1000,Speaker,64_256,NC12,Yes,5000,12,59791.0221
250,Immersive Reader,8_32,NC12 Promo,Yes,0,18,18612.0708
250,Speech Services,4_16,None,No,0,6,14926.9118
1000,Face,4_16,NV12s v3,No,0,12,58051.3104
50,Text Analytics,4_16,NV12s v3,No,5000,12,3700.2204
500,None,32_128,None,Yes,1000,36,29023.9659
1000,Immersive Reader,16_64,NC12 Promo,No,5000,6,60334.1526
100,Face,32_128,NV12,No,0,12,7884.1587
500,Speech Services,8_32,NC12 Promo,No,100,18,32920.5308
1000,Face,64_256,NC12,No,500,12,59761.7121
750,Speaker,64_256,NC12,No,500,18,79089.717
1000,Text Analytics,4_16,NV12s v3,Yes,2000,3,58320.3709
750,None,4_16,NV12s v3,No,0,18,45529.3454
1000,Text Analytics,16_64,None,No,500,24,67110.0104
500,Speaker,32_128,NC12,Yes,0,6,35779.8098
250,Speaker,4_16,None,No,0,18,16175.1654
250,Immersive Reader,4_16,NC12 Promo,No,2000,18,16784.6754
500,Speaker,8_32,NC12 Promo,Yes,5000,18,32958.6708
1000,None,4_16,NC12 Promo,No,2000,18,59707.3354
100,Face,4_16,NC12,Yes,0,18,8925.7554
750,Speaker,16_64,NV12s v3,Yes,2000,3,44948.5713
50,Speaker,4_16,NV12,No,100,3,4767.9709
500,None,64_256,NV12,Yes,0,3,35995.0795
500,Immersive Reader,64_256,NC12 Promo,No,100,18,64011.797
100,Text Analytics,32_128,NC12,No,1000,6,12887.2098
500,Speech Services,4_16,NC12,Yes,500,3,30287.9709
250,Text Analytics,4_16,NV12,No,0,6,16504.4518
100,Speaker,16_64,NV12s v3,Yes,100,18,13886.5078
50,Text Analytics,32_128,NC12,No,1000,3,7126.3949
750,None,4_16,NV12s v3,No,5000,3,44016.4009
1000,Speaker,64_256,None,No,5000,36,58056.5581
750,None,8_32,NV12s v3,No,100,6,44918.0236
1000,Face,32_128,NC12,No,500,12,59181.9887
750,None,32_128,None,No,5000,3,45858.1449
500,Text Analytics,16_64,NV12,No,2000,12,30461.3816
500,Text Analytics,64_256,NV12,Yes,1000,3,36012.6695
250,Text Analytics,64_256,NC12 Promo,No,1000,6,26515.969
1000,Immersive Reader,16_64,NV12s v3,Yes,500,3,59239.4313
750,Speech Services,8_32,NC12,Yes,500,6,45523.3736
750,Face,64_256,NC12,Yes,2000,12,45463.7021
1000,Speech Services,16_64,NC12,No,1000,3,59837.6313
50,Speech Services,16_64,NC12 Promo,Yes,100,6,5925.4226
100,Immersive Reader,32_128,NC12,No,1000,6,12894.3498
50,Speech Services,32_128,None,No,5000,18,20284.5094
500,Speaker,16_64,NC12,Yes,5000,18,37405.6378
250,Immersive Reader,8_32,NV12,No,1000,18,19614.0908
1000,Text Analytics,8_32,NC12,No,1000,3,59222.2818
50,Immersive Reader,32_128,NV12,No,5000,6,10273.8498
1000,Face,16_64,NC12 Promo,Yes,100,18,65235.3478
100,Speaker,8_32,NV12,Yes,0,6,8549.7636
500,Immersive Reader,4_16,NV12s v3,Yes,2000,12,29459.2804
100,Face,64_256,NC12 Promo,Yes,500,12,7491.0821
500,Immersive Reader,8_32,NV12s v3,Yes,500,12,29507.4808
1000,Face,4_16,NV12,No,2000,6,59460.6618
750,Speaker,32_128,NC12,No,0,12,44871.8587
1000,Speech Services,8_32,NV12s v3,Yes,100,18,61695.8808
250,Face,64_256,None,Yes,0,24,60694.146
250,Face,64_256,NV12,Yes,100,3,21693.6595
500,Immersive Reader,8_32,None,Yes,1000,6,29878.5636
750,Face,64_256,NC12,No,1000,12,45457.7421
1000,Face,4_16,NC12,Yes,0,3,58899.0609
1000,Immersive Reader,64_256,NV12,Yes,500,6,70431.379
50,None,32_128,NC12,Yes,1000,12,4807.3487
50,Speech Services,64_256,NC12 Promo,No,500,6,15062.069
750,Speech Services,32_128,None,Yes,100,6,48733.1298
100,None,8_32,NV12s v3,No,1000,12,6610.4008
750,Face,64_256,None,Yes,100,18,77724.337
750,None,4_16,NC12,Yes,500,3,44597.9009
250,Immersive Reader,8_32,None,No,1000,18,18036.5508
250,Text Analytics,16_64,NC12,Yes,1000,18,23069.4878
100,None,4_16,None,No,1000,36,5780.2329
500,Speech Services,64_256,NC12 Promo,Yes,2000,18,64022.547
500,Speech Services,4_16,NV12s v3,No,5000,18,31248.9254
50,Face,16_64,NV12s v3,Yes,100,3,4851.4413
50,Face,8_32,NC12 Promo,Yes,2000,12,3601.7508
750,Text Analytics,32_128,NV12s v3,Yes,1000,12,44275.7787
50,Immersive Reader,16_64,NC12 Promo,Yes,100,12,3708.3216
250,Text Analytics,64_256,NC12,Yes,100,18,50449.587
750,Immersive Reader,32_128,NV12,Yes,1000,6,50329.7398
100,Speaker,8_32,NC12,Yes,2000,3,7726.7718
50,Speaker,32_128,NC12 Promo,Yes,500,3,6379.8549
100,Speaker,8_32,NV12,No,0,12,7436.0408
1000,Speech Services,4_16,NC12 Promo,No,2000,18,59707.3354
250,Text Analytics,4_16,NV12,Yes,1000,3,16213.5509
750,Speech Services,32_128,NV12s v3,No,1000,18,61088.9994
500,Face,16_64,None,No,0,3,29855.0613
100,Speech Services,32_128,NC12 Promo,No,500,3,9227.5449
250,Speech Services,8_32,NV12,No,1000,3,16522.0418
1000,None,32_128,None,Yes,100,6,63043.0598
1000,None,32_128,NC12 Promo,Yes,5000,6,63660.0198
500,Immersive Reader,8_32,NV12,No,100,18,33912.1008
500,Speaker,64_256,NV12s v3,Yes,1000,3,35198.0195
250,Face,64_256,NC12,Yes,100,6,27261.769
1000,None,64_256,NV12s v3,Yes,2000,3,63809.5495
50,Speech Services,16_64,NV12,Yes,2000,18,11857.0678
1000,Speaker,64_256,NC12,No,1000,18,93405.607
50,Speech Services,64_256,NC12 Promo,No,2000,6,15073.989
100,Speech Services,4_16,NC12,Yes,100,12,7137.7304
500,Speech Services,64_256,NC12,Yes,0,3,35765.5195
500,Face,16_64,NV12s v3,Yes,2000,18,36788.8678
50,Text Analytics,8_32,NV12s v3,No,2000,18,7336.0308
1000,Immersive Reader,8_32,NC12,No,1000,3,59229.4218
500,None,64_256,NC12 Promo,Yes,1000,18,64016.587
750,Face,16_64,NV12,No,100,3,45748.1913
750,Face,16_64,NC12 Promo,No,100,3,44763.7613
50,Speaker,8_32,NV12,No,500,12,4585.6908
50,Speech Services,8_32,NC12,Yes,0,6,5443.9336
250,Immersive Reader,64_256,NC12,Yes,500,12,16836.1921
1000,Speaker,64_256,NC12,No,500,3,64411.2995
1000,Face,4_16,NV12,No,1000,18,60688.6654
1000,Speaker,16_64,NV12s v3,Yes,1000,18,65414.1978
50,Immersive Reader,8_32,NV12s v3,No,2000,6,4875.2436
500,Speech Services,8_32,None,Yes,1000,18,32339.3508
500,Immersive Reader,16_64,NC12 Promo,Yes,2000,18,36637.6578
100,Text Analytics,16_64,None,No,500,12,5976.0216
1000,Text Analytics,16_64,None,No,100,36,57400.0816
500,None,4_16,NC12 Promo,Yes,100,18,31069.5854
250,Speaker,32_128,NV12,No,0,6,21699.4298
100,Face,32_128,NV12,No,1000,3,10220.7949
100,Speaker,64_256,NC12,No,2000,18,41895.807
500,Face,4_16,None,No,5000,6,29269.2218
750,Speech Services,16_64,NV12,No,0,18,51901.3278
500,Speaker,8_32,NC12 Promo,Yes,1000,3,29861.8418
750,Immersive Reader,32_128,NV12s v3,Yes,0,3,46584.3749
750,None,8_32,NC12 Promo,No,500,6,44768.5036
250,Text Analytics,4_16,None,Yes,1000,6,14944.5018
100,Text Analytics,8_32,NC12,Yes,1000,12,7209.7808
50,None,16_64,NV12s v3,Yes,500,6,6086.8826
500,None,64_256,NV12s v3,No,500,12,30539.6121
500,Speech Services,64_256,NV12s v3,Yes,2000,12,30551.5321
250,Immersive Reader,64_256,None,No,5000,36,15119.6081
750,Speech Services,8_32,NC12 Promo,Yes,100,12,43648.8108
1000,Speech Services,16_64,NV12,No,5000,12,59087.2016
500,Speaker,64_256,NC12 Promo,No,100,18,64018.947
50,Speaker,64_256,NV12,Yes,0,12,5613.3321
1000,Speaker,64_256,NC12,Yes,500,3,64411.2995
750,Speaker,32_128,NV12s v3,Yes,5000,12,44301.9887
50,None,16_64,None,No,0,3,4094.3213
500,Speech Services,16_64,None,No,0,18,36013.8578
500,None,4_16,NV12s v3,Yes,1000,6,30003.0418
1000,Speaker,4_16,NC12,Yes,500,12,58673.7504
100,Speech Services,8_32,NV12s v3,Yes,100,6,7712.1936
500,None,16_64,NV12s v3,Yes,500,12,29620.5216
100,Text Analytics,16_64,None,Yes,5000,12,5993.9016
750,Immersive Reader,8_32,NC12,Yes,1000,18,48004.4008
500,Immersive Reader,32_128,None,Yes,2000,36,29037.0659
250,None,16_64,None,Yes,1000,18,21721.5078
1000,Face,8_32,None,Yes,1000,3,57877.1618
750,None,16_64,None,No,100,6,45400.1226
50,None,16_64,NC12 Promo,Yes,5000,6,5949.2726
750,Immersive Reader,64_256,NC12 Promo,Yes,0,6,55125.389
250,Speech Services,4_16,NV12,No,100,12,15953.2504
750,Speech Services,4_16,NC12 Promo,No,100,3,43837.0609
100,Face,4_16,None,Yes,5000,6,6373.3218
250,None,32_128,NV12,No,100,6,21690.7998
750,Speech Services,32_128,NV12,Yes,0,3,47406.1749
1000,Speaker,16_64,NV12s v3,No,2000,12,58266.5916
50,None,4_16,NV12s v3,No,0,6,4227.5718
250,None,16_64,NC12,No,0,6,18122.5726
250,Face,8_32,NV12,Yes,100,6,17129.9536
750,Face,32_128,NC12,No,500,12,44872.0587
500,Speech Services,8_32,NC12 Promo,No,0,3,29829.9618
50,Speaker,32_128,NC12 Promo,No,1000,3,6385.8149
500,None,8_32,NC12 Promo,No,1000,12,29350.8108
500,Speech Services,4_16,NV12s v3,No,5000,6,30014.9618
100,Immersive Reader,32_128,NV12s v3,Yes,2000,18,23896.2694
1000,Speech Services,4_16,NC12 Promo,Yes,0,18,59683.7854
100,Speaker,32_128,NV12s v3,No,2000,6,12308.0798
100,None,16_64,NV12,No,500,18,14707.1278
750,Immersive Reader,8_32,NV12s v3,No,2000,3,44326.0718
100,Text Analytics,8_32,NC12,Yes,0,18,10773.8408
500,Speech Services,32_128,NV12,Yes,5000,6,36024.5898
750,Speech Services,16_64,None,No,2000,3,44185.6813
250,None,32_128,None,No,5000,24,37530.1192
250,Immersive Reader,32_128,None,Yes,100,24,37513.4092
250,Speech Services,32_128,NV12,Yes,5000,3,18815.8149
50,Speech Services,4_16,NV12s v3,No,2000,12,3694.2604
500,Speaker,64_256,NC12 Promo,Yes,2000,18,64036.837
500,Speech Services,64_256,NV12s v3,No,100,6,40969.469
100,None,8_32,None,No,0,6,6957.9336
500,Text Analytics,8_32,None,Yes,2000,18,32345.3108
250,Face,64_256,NV12s v3,No,5000,12,16250.4121
1000,None,4_16,None,No,5000,3,57577.7309
500,Text Analytics,32_128,NC12 Promo,Yes,100,12,29798.4287
750,Face,64_256,NV12,Yes,0,3,50307.8695
750,Speaker,16_64,NV12,Yes,500,3,45765.5913
100,Speaker,64_256,None,Yes,500,18,40535.907
100,Text Analytics,64_256,NV12s v3,No,2000,18,41282.137
250,Speaker,16_64,NC12,Yes,5000,18,23095.6978
750,Immersive Reader,16_64,None,Yes,500,6,45413.2326
750,Speaker,16_64,NV12,No,2000,6,47009.8426
500,None,8_32,NC12 Promo,Yes,0,6,30446.9436
250,None,8_32,NC12,No,100,3,16280.5518
500,None,8_32,NC12,No,1000,6,31219.4036
50,Text Analytics,64_256,None,No,5000,12,4051.0121
1000,Immersive Reader,4_16,NV12s v3,Yes,500,12,58067.2204
500,Face,32_128,NV12,No,2000,3,33122.6549
500,None,32_128,NV12,No,1000,6,36012.6698
1000,Text Analytics,32_128,None,Yes,0,18,74632.7394
1000,None,4_16,None,No,500,12,57311.4804
50,None,64_256,None,Yes,5000,3,8689.1695
100,Text Analytics,8_32,NV12s v3,No,5000,6,7736.0436
1000,Text Analytics,32_128,NV12,Yes,5000,3,61745.6149
500,Immersive Reader,4_16,NC12 Promo,No,100,18,31076.7254
250,Speech Services,8_32,None,No,500,3,14938.5418
50,Speech Services,16_64,NC12,Yes,0,6,6674.6326
250,Immersive Reader,64_256,NV12s v3,Yes,5000,3,20892.8495
100,Face,4_16,NV12,No,1000,6,7938.9418
750,Speech Services,32_128,NC12,No,1000,3,47194.2049
50,Speech Services,8_32,NC12,No,0,6,5443.9336
100,Speaker,16_64,None,No,500,24,15608.5404
750,Speaker,32_128,NC12 Promo,No,100,6,49340.5298
100,None,64_256,NC12,Yes,0,3,12869.6195
500,Face,4_16,NV12s v3,Yes,5000,12,29460.9604
750,Text Analytics,4_16,NC12 Promo,No,2000,12,43606.5804
100,Face,8_32,None,Yes,1000,18,9446.3108
250,Text Analytics,32_128,NV12,No,500,18,33292.1094
50,Immersive Reader,8_32,NC12 Promo,No,5000,18,7193.6408
100,Text Analytics,16_64,NC12 Promo,No,0,3,7549.4113
500,None,32_128,NC12,Yes,0,18,47360.8594
1000,Immersive Reader,32_128,NV12s v3,No,2000,3,60917.8549
100,Immersive Reader,32_128,None,Yes,100,36,6123.2759
500,Speaker,64_256,None,No,500,12,29805.3021
500,Speech Services,16_64,None,Yes,0,12,28860.2916
250,Text Analytics,64_256,NV12s v3,No,1000,12,16235.6321
500,Immersive Reader,64_256,None,No,500,12,29798.1521
500,Text Analytics,32_128,NC12 Promo,Yes,0,12,29792.7687
100,Face,32_128,NV12s v3,No,0,12,7055.2187
500,None,4_16,NV12s v3,No,0,6,29985.4518
500,None,16_64,None,Yes,0,12,28860.2916
250,Face,32_128,None,Yes,5000,24,37532.9792
100,Face,32_128,None,Yes,500,6,11536.1298
50,Text Analytics,32_128,NV12s v3,Yes,2000,18,21027.1494
250,Text Analytics,64_256,NV12s v3,No,2000,3,20879.7495
1000,None,8_32,NC12 Promo,Yes,5000,12,57982.5908
250,Speech Services,8_32,NV12,Yes,100,12,16013.3708
100,Immersive Reader,64_256,NV12s v3,No,0,3,12277.3795
500,Text Analytics,4_16,NC12,No,500,18,31830.4254
750,Speaker,32_128,NV12s v3,Yes,500,12,44284.1087
500,Speech Services,16_64,NC12 Promo,No,2000,6,31701.1926
100,None,32_128,NC12 Promo,No,2000,6,12138.2998
250,Speech Services,32_128,NC12,No,2000,6,21479.1298
1000,Face,32_128,NC12,Yes,1000,6,64405.8298
100,None,16_64,NV12,No,100,12,7547.5916
50,Face,16_64,None,Yes,500,36,3031.1716
50,Speech Services,8_32,None,No,2000,24,7821.3944
750,Speech Services,8_32,NV12,No,2000,12,44651.1308
1000,Speaker,64_256,NC12 Promo,No,5000,6,69471.979
1000,Speech Services,32_128,NV12s v3,Yes,1000,12,58585.7087
750,Speaker,8_32,NC12,No,2000,12,44435.8608
1000,Immersive Reader,32_128,NC12 Promo,Yes,100,3,60744.4749
250,None,4_16,NV12s v3,Yes,100,6,15681.1718
1000,Immersive Reader,64_256,NV12,No,0,3,64622.0795
250,Speaker,4_16,None,No,2000,6,14964.7518
100,Text Analytics,4_16,None,No,1000,36,5780.2329
50,Face,8_32,NC12,Yes,100,6,5452.4536
750,Immersive Reader,8_32,NV12,No,500,12,44646.3508
250,Speaker,32_128,NV12,Yes,0,3,18800.5949
750,Text Analytics,8_32,NC12,Yes,500,3,44906.3918
1000,Face,64_256,NV12,No,2000,3,64641.3495
750,Text Analytics,32_128,NV12s v3,No,100,18,61077.0694
100,Face,32_128,NV12,No,1000,18,24714.9694
1000,Speech Services,8_32,NV12s v3,No,0,12,58108.5708
750,Immersive Reader,4_16,NC12,No,2000,3,44616.9609
50,Speech Services,64_256,None,Yes,5000,3,8689.1695
500,Text Analytics,4_16,NC12,No,500,3,30287.9709
1000,Text Analytics,64_256,NC12,No,0,18,93373.727
750,None,4_16,NC12 Promo,Yes,100,18,45379.5154
50,None,32_128,NC12 Promo,Yes,1000,3,6371.5249
50,Speech Services,8_32,None,No,100,6,4101.6136
500,Face,64_256,NC12,No,1000,3,35785.9695
250,None,32_128,NV12,No,0,12,16467.2587
50,Immersive Reader,8_32,None,Yes,100,18,6576.6808
750,Speech Services,64_256,NV12s v3,Yes,5000,12,44867.4221
50,Speaker,16_64,NV12,Yes,500,12,4705.8716
1000,Speaker,64_256,NV12,Yes,1000,3,64646.8195
250,Speaker,4_16,NC12,Yes,2000,6,16312.7318
100,Immersive Reader,64_256,NV12,Yes,1000,3,13123.9095
250,Face,32_128,NV12s v3,Yes,100,6,20864.7198
500,Text Analytics,16_64,NC12,No,0,3,31200.1813
100,Speech Services,64_256,NC12,Yes,0,6,18667.289
50,Text Analytics,4_16,NC12,No,0,3,4518.4609
50,Face,8_32,NC12 Promo,Yes,1000,12,3595.7908
50,Immersive Reader,4_16,NV12,Yes,0,3,4755.1609
1000,Immersive Reader,16_64,NC12,No,100,6,61065.1726
500,Speech Services,8_32,NC12 Promo,Yes,0,18,32914.8708
50,Immersive Reader,64_256,None,No,2000,36,3665.7081
1000,None,64_256,None,Yes,0,18,92025.747
250,Speaker,16_64,NV12,No,100,3,17139.7513
250,Face,16_64,NV12s v3,No,100,3,16299.3813
750,Speaker,32_128,NV12s v3,No,5000,3,46621.0349
100,Text Analytics,32_128,NV12,Yes,0,6,13099.1798
100,Face,8_32,NV12s v3,No,1000,3,7110.0018
100,Speaker,32_128,NV12s v3,Yes,1000,18,23897.4594
100,None,4_16,NC12 Promo,Yes,0,6,6934.0618
250,Face,4_16,NV12,Yes,100,18,17746.9354
50,Face,8_32,NV12,Yes,500,12,4574.2608
1000,Speaker,4_16,NC12 Promo,No,2000,18,59721.6254
1000,Speech Services,8_32,None,Yes,0,36,57317.0758
750,Face,8_32,NV12,Yes,2000,6,45767.7136
500,Speaker,8_32,NV12,Yes,100,3,30834.3418
50,Speaker,8_32,None,No,500,24,7823.7644
100,Immersive Reader,32_128,NV12s v3,No,2000,3,9402.0949
100,None,8_32,NC12 Promo,No,100,3,6939.7218
750,Face,8_32,NV12s v3,No,1000,12,43819.0908
1000,Speech Services,8_32,NC12,No,5000,6,59851.1836
750,None,8_32,NV12,No,1000,3,45141.9118
1000,Speaker,32_128,NC12,Yes,500,3,61512.4649
750,Immersive Reader,4_16,NC12 Promo,Yes,0,3,43838.5409
250,Text Analytics,16_64,NC12 Promo,Yes,1000,18,22314.6178
500,Text Analytics,4_16,NC12,No,100,6,30590.4918
500,Speaker,32_128,NC12 Promo,Yes,0,12,29807.0587
250,Text Analytics,8_32,NV12s v3,Yes,500,12,15190.4008
1000,None,64_256,NV12s v3,No,500,6,69595.299
750,Face,32_128,NC12 Promo,Yes,2000,6,49346.9898
500,Text Analytics,64_256,NV12,No,2000,18,65006.977
100,Face,8_32,NV12,No,5000,18,11035.7708
750,Face,4_16,NV12,No,100,6,45132.8418
250,Face,32_128,None,No,1000,36,14716.8859
500,Immersive Reader,32_128,NC12 Promo,Yes,100,6,35023.4498
50,Face,8_32,NV12,No,5000,3,5088.8818
1000,Speaker,16_64,NC12,Yes,500,18,66007.6178
750,None,64_256,NV12,Yes,1000,18,79310.947
250,Speech Services,32_128,NC12,No,0,12,16237.6987
100,Speech Services,32_128,NV12,No,0,12,7881.2987
750,Speech Services,64_256,NC12 Promo,No,100,18,78314.587
100,Immersive Reader,32_128,NC12,Yes,500,3,9989.5549
100,Speech Services,32_128,NV12s v3,Yes,500,6,12281.8698
100,Immersive Reader,4_16,NC12,No,2000,6,7719.6218
250,Text Analytics,8_32,NC12,Yes,0,6,16891.8736
100,Immersive Reader,32_128,NV12,Yes,0,6,13106.3198
500,Text Analytics,32_128,NV12,Yes,5000,3,33125.7549
100,Face,16_64,None,Yes,1000,36,5899.1116
500,Immersive Reader,16_64,NC12 Promo,No,5000,6,31714.2926
500,None,32_128,NV12,Yes,2000,3,33119.7949
1000,Speech Services,64_256,NV12,No,5000,3,64644.4495
250,None,8_32,NC12 Promo,No,0,12,15023.2808
100,Immersive Reader,8_32,None,Yes,500,3,6359.7218
50,Face,32_128,NV12s v3,Yes,100,12,4198.8987
1000,Text Analytics,4_16,NC12,Yes,500,18,60450.2854
50,Speech Services,4_16,NC12,Yes,0,6,4826.9518
750,Speech Services,4_16,None,Yes,500,3,43249.9209
750,Immersive Reader,32_128,NC12 Promo,No,1000,12,44127.4287
1000,None,4_16,NC12 Promo,No,5000,18,59713.2954
1000,Speech Services,8_32,NC12,Yes,1000,3,59222.2818
50,Speech Services,64_256,NC12 Promo,No,100,18,38246.777
250,Speaker,8_32,None,No,500,3,14952.8318
750,Text Analytics,4_16,None,Yes,1000,36,42986.0629
750,None,16_64,NC12,No,100,18,51677.4278
50,None,16_64,None,Yes,2000,6,5350.2026
500,Text Analytics,4_16,NC12,Yes,500,12,30039.6004
750,None,4_16,None,Yes,2000,12,43013.4704
750,Speech Services,64_256,NV12s v3,No,0,18,78464.417
750,Speech Services,4_16,NC12 Promo,Yes,5000,6,44169.4018
250,Speaker,4_16,NV12,Yes,500,12,15973.5104
750,Speech Services,8_32,None,Yes,500,6,44175.3936
100,Text Analytics,64_256,None,No,500,24,52116.956
1000,None,64_256,None,Yes,0,36,58012.7581
50,None,64_256,NC12,Yes,2000,18,39019.537
1000,Text Analytics,4_16,NC12,Yes,5000,3,58925.7109
250,None,4_16,NV12s v3,Yes,1000,12,15136.2404
50,Speaker,8_32,NV12s v3,No,0,12,3745.1208
50,Immersive Reader,8_32,NC12,No,2000,3,4857.6418
1000,Immersive Reader,32_128,NC12 Promo,Yes,2000,6,63661.1998
750,Immersive Reader,8_32,None,No,2000,24,47896.3444
1000,Text Analytics,8_32,NV12,No,2000,12,58961.0608
100,None,64_256,None,Yes,0,6,17319.309
750,Speech Services,64_256,None,Yes,100,12,44094.9721
50,Face,8_32,None,Yes,5000,36,2971.7058
1000,Speaker,8_32,NV12s v3,Yes,5000,12,58152.3708
1000,None,8_32,NC12,No,1000,6,59839.2636
100,Speech Services,8_32,NC12,No,5000,12,7221.7008
500,Face,32_128,NV12s v3,No,500,18,46775.9694
500,Speaker,16_64,NV12s v3,Yes,2000,6,31870.9726
50,Speaker,8_32,NV12,Yes,100,6,5693.4436
50,Immersive Reader,32_128,NC12,No,0,12,4796.8987
500,Text Analytics,4_16,NC12 Promo,No,1000,6,29847.5518
500,Face,4_16,NV12s v3,Yes,0,18,31222.2754
1000,Text Analytics,64_256,NV12s v3,No,1000,6,69601.259
250,Immersive Reader,64_256,NC12,Yes,2000,18,50474.617
500,Speaker,4_16,NC12,No,500,6,30610.7518
50,Text Analytics,4_16,None,No,5000,3,3199.9909
500,Speech Services,8_32,NC12 Promo,No,500,18,32926.5008
100,Face,32_128,None,No,5000,3,8655.1749
100,Immersive Reader,4_16,NC12 Promo,No,0,12,6384.3404
50,Speech Services,4_16,NC12,No,0,18,6060.9154
250,Speaker,64_256,NV12s v3,No,5000,18,49888.347
1000,Speech Services,64_256,None,No,1000,3,63054.9895
500,Speech Services,4_16,NV12,No,500,12,30269.1604
50,Face,32_128,None,No,2000,36,3274.9059
250,Speaker,16_64,NV12s v3,Yes,1000,18,22484.3978
750,None,4_16,NC12 Promo,Yes,100,6,44145.5518
50,Text Analytics,8_32,NC12 Promo,No,100,6,4694.7236
750,Text Analytics,8_32,NC12 Promo,Yes,100,12,43648.8108
250,Speaker,64_256,NV12,Yes,100,12,17066.9321
250,Text Analytics,8_32,NV12s v3,Yes,5000,6,16322.0036
250,Speech Services,4_16,NV12s v3,Yes,5000,3,15396.5309
750,Immersive Reader,4_16,NV12,Yes,100,12,44580.2604
1000,Face,8_32,NC12,Yes,5000,12,58740.3208
500,Speaker,64_256,NC12,No,100,12,31147.3121
500,None,32_128,NV12,No,2000,12,30800.7487
1000,Speaker,16_64,NC12,Yes,2000,3,59857.8813
1000,Text Analytics,8_32,None,Yes,1000,18,60959.2108
1000,Face,32_128,NV12s v3,No,5000,12,58600.4887
750,Text Analytics,64_256,NV12s v3,No,1000,6,55291.329
50,Immersive Reader,4_16,NV12,Yes,1000,3,4772.7509
50,None,64_256,NV12s v3,Yes,2000,18,38420.157
1000,Speaker,32_128,None,Yes,5000,24,80474.2092
750,None,4_16,NC12 Promo,No,100,6,44145.5518
750,Speaker,8_32,NV12,Yes,2000,3,45162.1618
750,Speaker,16_64,NC12 Promo,Yes,0,3,44769.5313
50,Speech Services,16_64,NC12 Promo,No,100,3,4693.0913
100,None,4_16,NV12s v3,No,1000,6,7107.1418
100,None,16_64,NV12s v3,No,100,6,8942.8926
500,Face,32_128,NV12s v3,No,0,3,32270.1649
500,Speech Services,32_128,NV12,Yes,0,18,47590.4194
500,Immersive Reader,4_16,None,No,100,6,29249.6518
750,None,8_32,NC12 Promo,Yes,100,3,44145.5518
500,Immersive Reader,16_64,None,Yes,500,18,36032.6278
250,None,16_64,NC12,Yes,0,18,23051.8978
100,None,32_128,NV12,No,1000,3,10217.9349
100,Speaker,64_256,NC12 Promo,Yes,500,12,7502.5121
500,Face,32_128,NC12,Yes,5000,3,32899.0549
250,Text Analytics,16_64,NV12,Yes,1000,3,17137.3913
100,None,16_64,NV12,Yes,100,3,8539.5013
250,Speech Services,8_32,NC12,Yes,2000,6,16915.4236
250,None,8_32,None,No,2000,18,18035.3708
250,Speaker,4_16,NV12,No,5000,3,16239.7609
500,Speaker,32_128,NV12,No,2000,6,36032.9198
250,None,32_128,NV12,No,2000,18,33304.0294
100,Text Analytics,8_32,NV12,No,5000,12,7451.2608
50,Text Analytics,16_64,NV12s v3,No,500,6,6086.8826
750,Text Analytics,32_128,NC12 Promo,Yes,2000,18,60939.4694
750,Speaker,16_64,NV12,No,1000,12,44779.6416
500,Speech Services,16_64,NV12s v3,No,1000,3,30618.3913
500,Text Analytics,4_16,NC12 Promo,Yes,500,3,29533.1009
750,Speech Services,64_256,NV12s v3,Yes,2000,6,55297.289
100,Face,32_128,NC12 Promo,Yes,100,12,6905.3887
750,Immersive Reader,16_64,None,Yes,500,18,50342.5578
1000,Speech Services,8_32,NV12s v3,No,2000,18,61713.7708
100,None,8_32,NC12,Yes,1000,12,7209.7808
250,Face,64_256,NV12s v3,No,500,6,26668.359
250,Speaker,64_256,NV12s v3,No,5000,18,49888.347
750,Face,8_32,NC12,Yes,2000,18,48006.0808
750,Immersive Reader,64_256,NC12 Promo,Yes,0,6,55125.389
750,Speaker,4_16,NV12s v3,Yes,1000,6,44327.2618
750,None,32_128,NV12,No,0,6,50305.0098
750,Speaker,16_64,NV12,No,5000,18,51945.1278
1000,Face,64_256,NC12,No,500,3,64399.8695
750,None,64_256,NC12,No,500,3,50087.0795
1000,Immersive Reader,8_32,NC12,Yes,1000,3,59229.4218
50,None,64_256,NC12,Yes,2000,12,5393.0321
1000,Speaker,32_128,None,Yes,1000,24,80462.2892
50,None,8_32,None,No,2000,3,3502.5218
100,Text Analytics,32_128,NV12,Yes,5000,6,13128.6898
250,Text Analytics,8_32,NV12s v3,No,500,18,18772.0508
250,Text Analytics,32_128,NC12,No,1000,3,18574.3349
500,Immersive Reader,8_32,NV12s v3,No,1000,3,30010.1818
750,Speaker,32_128,NC12 Promo,No,100,3,46441.6949
750,Face,4_16,NV12s v3,Yes,2000,3,44013.3009
100,Face,4_16,NC12,No,2000,6,7715.3418
250,Immersive Reader,32_128,NV12s v3,No,500,3,17976.1349
250,Face,32_128,None,Yes,0,3,17211.6249
750,Speech Services,64_256,NC12,No,100,3,50081.1095
500,Speaker,16_64,None,Yes,0,3,29866.4913
750,Immersive Reader,32_128,None,Yes,100,6,48740.2698
1000,Face,8_32,NC12 Promo,No,100,12,57961.6008
100,None,64_256,None,Yes,2000,24,52128.876
750,Face,32_128,NC12,No,1000,6,50095.8998
50,Speech Services,8_32,None,Yes,0,24,7797.8444
750,Text Analytics,32_128,NV12,No,5000,3,47435.6849
250,Immersive Reader,16_64,NC12 Promo,Yes,500,18,22315.7978
100,Face,32_128,None,Yes,100,24,28923.1692
1000,Speaker,16_64,NC12,No,5000,12,58871.9316
50,Face,4_16,None,Yes,500,18,4727.4254
100,Speech Services,64_256,NV12s v3,Yes,5000,3,12299.7495
100,Face,32_128,NC12 Promo,Yes,1000,3,9236.3649
100,Text Analytics,8_32,NV12s v3,No,100,18,10180.1208
750,Text Analytics,16_64,NV12s v3,Yes,0,12,43918.8216
100,Face,16_64,None,Yes,500,12,5978.8816
1000,Text Analytics,4_16,None,Yes,2000,12,57323.4004
1000,Face,4_16,None,No,0,12,57302.7104
250,None,64_256,NC12,Yes,500,18,50455.557
250,None,32_128,None,Yes,100,6,20113.2598
750,Speech Services,16_64,NV12,Yes,1000,6,46989.5926
250,Face,64_256,None,No,0,18,49098.807
500,Text Analytics,8_32,NV12s v3,No,500,18,33081.9908
750,Speech Services,4_16,NC12,Yes,500,12,44349.5304
750,Text Analytics,64_256,NV12s v3,Yes,2000,18,78487.967
500,Speech Services,8_32,NC12,Yes,1000,3,30602.4218
250,Immersive Reader,16_64,None,Yes,5000,12,14587.0016
250,Face,64_256,NC12,Yes,2000,18,50470.337
50,Text Analytics,32_128,NC12,Yes,1000,12,4807.3487
1000,Speech Services,16_64,None,No,1000,12,57497.7416
500,Immersive Reader,4_16,None,Yes,500,3,28947.1309
750,Immersive Reader,64_256,NC12,Yes,2000,3,50106.1395
500,Speaker,8_32,None,No,0,24,33570.0144
750,Face,32_128,NC12 Promo,No,0,3,46424.6049
50,None,64_256,None,Yes,1000,3,8677.2495
100,Immersive Reader,8_32,NV12s v3,Yes,100,6,7719.3336
50,None,32_128,None,Yes,5000,36,3278.0059
100,None,8_32,None,Yes,0,24,10659.8244
500,Text Analytics,4_16,NV12,Yes,2000,3,30529.4509
50,Face,32_128,NV12s v3,Yes,1000,6,9428.7098
250,Speech Services,16_64,NC12,Yes,5000,3,16919.7513
500,Immersive Reader,8_32,NC12,No,100,3,30597.6318
50,Face,8_32,NV12,Yes,5000,12,4592.1408
500,Speaker,8_32,None,No,0,18,32336.0508
50,Speech Services,64_256,NV12s v3,Yes,2000,18,38420.157
500,Immersive Reader,16_64,None,Yes,100,3,29865.0013
500,Speaker,4_16,NC12 Promo,Yes,500,3,29547.3909
100,Text Analytics,8_32,NV12s v3,Yes,100,12,6598.4708
750,Immersive Reader,32_128,None,No,500,3,45847.4049
500,Immersive Reader,8_32,NC12 Promo,Yes,100,12,29346.0208
1000,Text Analytics,32_128,NC12,No,500,12,59179.1287
50,Text Analytics,16_64,NV12,No,0,12,4679.9516
100,None,64_256,NV12s v3,No,100,18,41264.247
500,Speaker,64_256,None,Yes,100,3,34437.4895
100,Text Analytics,8_32,NV12s v3,Yes,5000,6,7736.0436
250,Face,32_128,NC12 Promo,No,100,6,20709.2298
500,Speaker,32_128,NC12,No,100,18,47380.8094
750,None,32_128,None,Yes,2000,36,43339.8559
500,Speaker,16_64,NC12 Promo,Yes,500,6,31703.5626
250,Face,16_64,None,No,500,12,14564.8416
50,None,8_32,None,Yes,1000,12,2999.8208
100,Speech Services,4_16,NC12 Promo,Yes,100,3,6631.2309
100,Immersive Reader,4_16,None,No,1000,18,7599.6454
50,Speech Services,32_128,NC12,Yes,1000,6,10025.2298
250,Speech Services,64_256,None,Yes,100,24,60696.946
100,Face,4_16,NC12,No,0,12,7134.9304
750,Face,16_64,NV12,Yes,100,12,44756.2816
50,Text Analytics,4_16,NV12s v3,No,500,6,4239.2018
1000,Text Analytics,32_128,NC12 Promo,Yes,0,6,63630.5098
1000,Face,8_32,NV12s v3,Yes,0,6,59225.1536
250,Immersive Reader,32_128,NC12,No,1000,6,21480.3098
500,Immersive Reader,16_64,NC12,Yes,2000,6,32463.2026
500,Speech Services,4_16,None,Yes,5000,3,28957.8709
250,Immersive Reader,4_16,NV12,Yes,1000,3,16220.6909
500,Speech Services,8_32,NV12,Yes,5000,6,31460.8836
1000,Immersive Reader,64_256,NC12 Promo,No,1000,6,69452.909
1000,Face,32_128,NV12,Yes,2000,18,76236.6894
50,Speaker,8_32,NV12s v3,Yes,0,12,3745.1208
50,None,32_128,NC12 Promo,Yes,1000,18,20865.6994
750,Speaker,64_256,NC12,No,100,6,55893.069
750,Speech Services,64_256,NV12,Yes,1000,18,79310.947
1000,Speech Services,8_32,NC12,Yes,2000,6,59845.2236
100,Speaker,64_256,None,No,100,36,6516.9481
750,Immersive Reader,16_64,None,Yes,100,36,43097.2916
50,Speech Services,8_32,NV12s v3,No,0,12,3730.8308
100,Speaker,64_256,NC12 Promo,No,1000,3,12146.6295
250,Immersive Reader,8_32,NV12,Yes,0,3,16511.5918
250,None,16_64,NV12s v3,No,500,18,22464.1478
500,Speaker,4_16,NV12,No,2000,3,30543.7409
50,Face,32_128,None,Yes,5000,24,26085.0392
250,Immersive Reader,4_16,NC12,Yes,2000,12,15748.7204
50,None,4_16,NC12 Promo,Yes,0,18,5306.0454
500,Speech Services,32_128,None,No,2000,3,31542.2549
100,Text Analytics,4_16,None,No,1000,3,6050.0509
1000,None,8_32,NV12,Yes,0,18,62519.1608
100,None,64_256,NC12,No,500,3,12881.2495
500,Text Analytics,64_256,NV12s v3,Yes,2000,18,64178.037
100,Text Analytics,8_32,NV12,No,500,12,7433.3808
1000,Text Analytics,4_16,NC12 Promo,Yes,1000,6,58467.4118
100,Immersive Reader,32_128,NC12,No,100,6,12882.4198
750,Text Analytics,64_256,NC12,Yes,100,3,50081.1095
250,Immersive Reader,64_256,NV12s v3,Yes,5000,3,20892.8495
750,Speech Services,64_256,NC12 Promo,No,2000,6,55141.799
500,None,8_32,None,No,5000,18,32351.2708
50,Text Analytics,64_256,NV12,No,500,3,10248.8295
250,Speech Services,16_64,NV12s v3,Yes,5000,18,22482.0278
1000,Immersive Reader,64_256,NC12 Promo,No,2000,12,59023.0421
750,Immersive Reader,16_64,None,No,2000,6,45425.1526
100,Speech Services,16_64,NC12 Promo,No,100,3,7555.0713
50,Speech Services,8_32,NC12 Promo,Yes,1000,6,4706.6536
750,None,32_128,NV12s v3,No,1000,3,46594.8249
1000,Immersive Reader,16_64,None,Yes,0,36,57401.5616
50,Face,32_128,NC12,No,1000,12,4810.2087
1000,Speech Services,4_16,NC12,Yes,100,12,58653.4904
100,Speech Services,16_64,None,No,500,18,13129.5878
100,Speaker,16_64,None,Yes,100,18,13137.9078
500,None,8_32,NC12 Promo,No,100,3,29835.6218
100,None,64_256,NC12,Yes,500,18,41869.597
500,None,64_256,NV12s v3,No,2000,12,30551.5321
250,Speaker,64_256,NC12 Promo,Yes,2000,18,49726.897
1000,Face,4_16,NV12,No,5000,6,59466.6218
50,Speech Services,64_256,None,Yes,100,12,4027.1621
1000,Text Analytics,8_32,None,No,100,3,57862.3718
500,None,64_256,None,Yes,500,3,34429.1695
250,Immersive Reader,16_64,NC12 Promo,Yes,5000,6,17404.3526
100,Face,16_64,NC12 Promo,Yes,1000,18,13731.5178
750,None,32_128,NV12s v3,Yes,100,6,49481.7298
1000,None,4_16,None,No,2000,12,57323.4004
250,Face,64_256,NV12s v3,No,5000,18,49876.917
750,Face,4_16,None,No,0,24,45400.5872
1000,Text Analytics,4_16,NV12,Yes,2000,18,60691.7654
750,Face,32_128,NC12 Promo,No,0,3,46424.6049
1000,Face,16_64,NV12s v3,No,5000,12,58261.1216
750,Speech Services,16_64,NC12 Promo,No,1000,3,44772.8313
100,Text Analytics,32_128,NV12s v3,No,2000,6,12293.7898
250,None,8_32,None,No,500,3,14938.5418
1000,Speech Services,64_256,NV12s v3,No,2000,6,69607.219
250,Text Analytics,32_128,NC12,Yes,500,12,16249.3287
50,None,4_16,NC12,Yes,2000,12,4293.6404
250,Immersive Reader,4_16,NV12,Yes,100,6,16517.2518
50,Speech Services,64_256,NC12,Yes,2000,12,5393.0321
100,Speech Services,16_64,NC12,No,2000,6,9560.1626
750,Text Analytics,4_16,NC12,Yes,5000,18,46158.2354
500,Speech Services,4_16,NV12,No,0,3,30505.9009
100,Speaker,16_64,NV12,No,500,12,7567.8516
50,Speech Services,32_128,None,No,100,12,3447.4387
50,Immersive Reader,32_128,NV12s v3,Yes,0,18,21010.7394
250,Speaker,8_32,None,Yes,5000,24,19289.5844
250,Immersive Reader,4_16,NV12s v3,Yes,500,3,15385.7909
500,None,8_32,NV12,No,2000,18,33922.8508
500,Text Analytics,8_32,NC12 Promo,No,500,3,29841.5918
250,Face,16_64,NV12s v3,No,5000,6,17555.5626
100,Speech Services,8_32,None,Yes,1000,6,6975.5236
1000,None,64_256,NC12 Promo,No,100,18,92624.517
250,Immersive Reader,16_64,NC12,No,1000,6,18147.3026
500,Speech Services,32_128,NC12 Promo,No,100,3,32117.4749
50,Face,16_64,NV12,Yes,100,6,6912.7126
500,Speech Services,8_32,NC12 Promo,Yes,500,12,29344.8508
1000,Immersive Reader,8_32,NV12,Yes,500,3,59453.0218
50,Speech Services,32_128,NV12s v3,Yes,100,12,4196.0387
100,Speaker,64_256,NV12s v3,No,5000,6,18111.709
1000,Text Analytics,32_128,NC12 Promo,Yes,100,12,58418.2887
1000,Speech Services,32_128,None,No,1000,24,80447.9992
50,None,32_128,NC12 Promo,Yes,500,18,20859.7394
250,Text Analytics,8_32,NC12,No,1000,18,19377.3908
500,None,4_16,None,No,2000,18,30494.3654
500,Text Analytics,16_64,NC12,Yes,1000,3,31217.7713
250,Text Analytics,32_128,NV12,No,0,6,21685.1398
1000,Speaker,4_16,NC12 Promo,No,5000,12,57936.7604
1000,Text Analytics,8_32,NV12s v3,Yes,5000,3,58634.8218
100,None,16_64,None,No,100,36,5884.3216
250,Speaker,32_128,None,No,2000,18,31740.7794
500,Face,16_64,NV12s v3,Yes,2000,12,29635.3016
1000,Immersive Reader,16_64,NC12 Promo,Yes,1000,12,58097.9916
500,Face,16_64,NV12s v3,No,100,6,31841.6526
250,Immersive Reader,64_256,NC12,Yes,0,18,50451.067
50,None,4_16,NC12,No,100,12,4275.7504
1000,None,64_256,NC12,No,0,6,70183.049
50,Text Analytics,4_16,NC12,Yes,0,6,4826.9518
100,Face,32_128,NV12,Yes,0,18,24697.3794
750,Speaker,32_128,NC12,No,500,12,44883.4887
50,Face,4_16,NV12s v3,Yes,5000,18,5493.9054
500,Speech Services,4_16,NC12,Yes,0,3,30276.3409
100,None,32_128,NV12,Yes,5000,18,24724.0294
1000,Face,64_256,NC12 Promo,Yes,500,12,59006.8421
250,Speech Services,4_16,NV12,No,500,3,16207.5909
500,Speech Services,32_128,NV12s v3,Yes,2000,18,46785.0294
100,Speaker,4_16,None,No,5000,3,6076.2609
1000,Immersive Reader,32_128,None,No,500,18,74651.5094
750,Speaker,32_128,NC12 Promo,No,100,12,44122.6487
1000,Immersive Reader,32_128,NV12,No,1000,18,76235.0094
1000,Speaker,16_64,NV12,Yes,5000,6,61325.7326
1000,Speech Services,32_128,NV12,Yes,5000,6,64644.4498
1000,Text Analytics,16_64,NV12,No,500,18,66222.8878
500,Immersive Reader,32_128,None,No,0,12,29206.7987
750,None,32_128,NC12 Promo,Yes,1000,12,44120.2887
500,Text Analytics,32_128,NC12,Yes,1000,3,32884.2749
100,Immersive Reader,16_64,None,No,1000,24,15607.3504
750,None,8_32,NC12,No,2000,12,44421.5708
250,Speaker,8_32,NC12 Promo,No,0,3,15534.3118
750,Text Analytics,16_64,None,Yes,1000,6,45412.0526
250,None,4_16,NV12,No,2000,3,16219.5109
250,Face,4_16,NV12s v3,No,2000,12,15145.0604
100,Speaker,32_128,NC12,Yes,100,3,9990.7349
50,Speech Services,4_16,NV12s v3,No,100,3,3924.7409
750,Face,64_256,None,No,500,3,48741.9595
750,Speaker,32_128,NC12 Promo,No,1000,6,49352.4598
500,Speech Services,8_32,NC12,No,2000,18,33693.2908
750,None,16_64,NV12s v3,Yes,100,6,46148.7226
100,Speech Services,8_32,None,No,500,6,6969.5636
250,None,4_16,None,No,2000,18,16184.4254
50,Text Analytics,8_32,NV12,Yes,0,12,4559.7708
100,Text Analytics,4_16,NC12 Promo,No,0,12,6377.2004
500,Text Analytics,4_16,NV12,No,500,18,32059.9854
250,Speaker,8_32,NV12,Yes,0,12,16022.0008
50,Immersive Reader,16_64,NV12,No,100,3,5684.6613
50,Immersive Reader,64_256,NV12,Yes,0,6,16042.009
1000,Immersive Reader,4_16,NV12s v3,Yes,5000,12,58085.1004
250,None,64_256,NC12 Promo,Yes,500,12,16074.1821
100,Speaker,16_64,None,Yes,100,24,15602.5704
1000,Immersive Reader,8_32,NC12 Promo,Yes,500,12,57971.8508
1000,Speaker,32_128,NV12s v3,No,500,6,63811.9198
1000,Immersive Reader,4_16,NV12,No,100,6,59447.0518
1000,None,64_256,NC12 Promo,No,100,18,92624.517
500,Face,8_32,None,Yes,500,24,33570.2144
100,Face,32_128,NC12 Promo,Yes,500,6,12129.2398
1000,Speech Services,32_128,NC12 Promo,No,0,18,75225.8494
100,None,4_16,NV12s v3,No,5000,12,6562.2004
250,Speaker,64_256,NV12,No,1000,12,17078.8621
250,Text Analytics,64_256,NV12,No,1000,18,50691.077
100,Speaker,16_64,NV12,No,2000,18,14733.3378
250,Immersive Reader,64_256,NC12,No,100,18,50456.727
100,None,64_256,NC12 Promo,No,5000,12,7506.1021
250,Face,4_16,NV12,No,1000,6,16524.9018
1000,Speech Services,16_64,None,No,1000,3,58489.6513
50,Immersive Reader,8_32,NV12s v3,No,100,18,7325.2808
1000,Immersive Reader,8_32,None,Yes,5000,24,62212.2344
750,None,64_256,NC12,Yes,2000,3,50098.9995
50,None,32_128,NC12 Promo,No,1000,12,4052.4787
250,Text Analytics,32_128,NV12,Yes,5000,3,18815.8149
750,Speaker,4_16,None,No,500,36,42994.3929
250,Speaker,64_256,None,No,2000,6,25943.109
100,Speaker,16_64,NV12,Yes,500,12,7567.8516
100,Immersive Reader,8_32,NV12,Yes,2000,18,11034.0908
1000,Speaker,32_128,NV12s v3,No,100,6,63805.9498
250,Text Analytics,32_128,NV12,Yes,5000,3,18815.8149
50,Speaker,8_32,NC12,No,1000,12,4362.0908
750,Speaker,4_16,NC12,Yes,100,12,44357.8504
750,Speaker,4_16,None,Yes,0,24,45412.0172
1000,Speaker,16_64,NC12 Promo,Yes,500,12,58099.1816
50,Face,64_256,NC12,No,0,6,15808.169
50,Immersive Reader,32_128,NV12s v3,No,2000,3,6540.1149
500,Speech Services,16_64,NV12,Yes,2000,3,31453.2913
500,None,16_64,NC12,No,100,12,30213.9316
1000,Text Analytics,8_32,NC12 Promo,Yes,500,6,59078.4336
250,None,32_128,None,Yes,100,6,20113.2598
250,Speech Services,8_32,NV12,No,2000,18,19612.9108
750,Immersive Reader,4_16,NC12 Promo,No,5000,3,43868.0509
50,Immersive Reader,8_32,NC12,No,2000,12,4360.9008
100,Speech Services,4_16,NV12s v3,No,2000,3,6804.6109
750,Immersive Reader,16_64,NV12,Yes,500,6,46990.7726
100,Face,8_32,NV12,No,2000,12,7448.1608
750,Speaker,64_256,None,Yes,2000,36,43740.6681
100,Immersive Reader,32_128,NV12s v3,Yes,100,12,7065.1587
250,Immersive Reader,64_256,NC12,Yes,500,18,50462.697
250,Speaker,16_64,NC12,No,2000,3,16928.0813
500,Speech Services,4_16,NC12,No,500,18,31830.4254
250,Text Analytics,32_128,NV12s v3,No,1000,6,20873.7898
1000,Immersive Reader,16_64,NV12s v3,No,0,18,65389.4578
750,Text Analytics,4_16,None,Yes,1000,24,45415.3172
250,Speaker,64_256,NC12,No,5000,6,27297.049
50,Face,32_128,NC12,No,1000,12,4810.2087
500,Text Analytics,8_32,None,No,1000,18,32339.3508
50,None,64_256,None,Yes,0,36,3635.0181
100,Speaker,4_16,NV12,No,1000,6,7950.3718
250,Text Analytics,32_128,NV12,No,1000,6,21702.7298
50,Face,32_128,NC12,No,2000,18,21629.3894
50,None,4_16,None,No,0,36,2900.6629
250,Text Analytics,32_128,None,Yes,1000,12,14907.3087
500,None,8_32,None,No,0,18,32321.7608
250,Immersive Reader,8_32,NV12s v3,Yes,0,18,18767.5608
50,Face,32_128,NC12,No,1000,18,21623.4294
1000,Text Analytics,4_16,None,Yes,2000,24,59731.2072
750,Speaker,64_256,NC12 Promo,Yes,2000,18,78346.767
250,None,16_64,None,No,100,36,14470.2816
500,Immersive Reader,8_32,None,Yes,0,12,28747.2508
100,Face,64_256,None,Yes,5000,6,17351.679
250,Speech Services,4_16,None,No,5000,18,16190.3854
500,Speech Services,32_128,NC12 Promo,No,5000,3,32141.3249
500,Immersive Reader,8_32,NC12 Promo,Yes,0,3,29837.1018
750,Immersive Reader,16_64,NV12s v3,No,2000,18,51103.0778
1000,Face,8_32,NV12s v3,Yes,0,18,61693.0808
500,None,4_16,None,No,0,3,28928.3609
750,Immersive Reader,8_32,NC12 Promo,No,100,6,44769.6736
750,Speech Services,64_256,NC12,Yes,100,18,79069.457
50,Immersive Reader,8_32,NV12s v3,Yes,5000,12,3767.4808
50,Speech Services,16_64,None,Yes,100,24,12726.3004
500,Speaker,4_16,NC12 Promo,No,100,3,29541.4209
750,Speech Services,32_128,NV12s v3,Yes,0,18,61071.4094
100,Face,32_128,NV12s v3,No,0,18,23868.4394
750,Speaker,4_16,NV12s v3,Yes,1000,3,44018.7709
250,Speech Services,16_64,NV12s v3,No,500,12,15310.5816
250,Immersive Reader,32_128,NC12 Promo,No,500,6,20719.4798
100,Speech Services,8_32,NC12 Promo,Yes,100,12,6442.9808
50,Speaker,64_256,NC12,Yes,5000,12,5413.2821
250,Speech Services,8_32,None,Yes,1000,6,15561.4836
50,None,4_16,NC12 Promo,Yes,100,6,4077.7418
1000,Face,8_32,NC12 Promo,Yes,1000,6,59087.2536
750,Face,4_16,None,Yes,1000,36,42988.9229
1000,Speech Services,64_256,NV12,Yes,100,3,64620.5995
100,Text Analytics,32_128,NC12 Promo,No,2000,3,9239.4649
1000,Speaker,32_128,NC12 Promo,No,1000,3,60763.5549
1000,None,64_256,NV12s v3,Yes,2000,18,92797.897
100,Face,4_16,NC12 Promo,Yes,5000,6,6966.4318
50,Face,16_64,None,Yes,1000,6,5347.1026
500,Speaker,32_128,None,Yes,5000,24,51854.3492
250,None,64_256,NC12 Promo,No,5000,12,16092.0621
500,Text Analytics,4_16,NC12 Promo,No,5000,6,29859.4718
1000,Speech Services,8_32,NC12,Yes,1000,6,59839.2636
100,Speaker,16_64,NV12,Yes,0,18,14709.7878
1000,Speech Services,16_64,NC12,No,1000,18,65999.2878
50,Face,4_16,NV12,Yes,0,18,6293.3354
1000,Text Analytics,4_16,NV12s v3,Yes,2000,3,58320.3709
750,Speech Services,4_16,NC12 Promo,Yes,1000,6,44157.4818
750,Immersive Reader,16_64,NV12,Yes,2000,6,47002.6926
250,Speech Services,8_32,None,No,2000,24,19269.3344
750,Immersive Reader,32_128,NV12,No,2000,3,47436.8649
250,Face,16_64,NC12 Promo,Yes,1000,6,17388.1526
100,Speaker,16_64,NC12 Promo,Yes,5000,18,13754.8678
50,Face,4_16,NC12,Yes,2000,6,4853.3618
750,Immersive Reader,4_16,NC12,No,0,6,44901.9018
250,Speaker,64_256,NC12 Promo,Yes,1000,12,16094.4321
1000,Text Analytics,16_64,NC12 Promo,No,2000,12,58096.8116
100,None,16_64,NV12s v3,No,500,6,8948.8626
1000,None,8_32,None,Yes,5000,36,57346.5858
1000,Immersive Reader,64_256,NC12 Promo,No,1000,12,59017.0821
750,Text Analytics,64_256,NC12,Yes,100,3,50081.1095
50,Speech Services,32_128,NC12 Promo,No,0,6,9252.7698
50,None,16_64,NV12s v3,Yes,5000,12,3880.5216
100,None,16_64,NV12s v3,Yes,5000,12,6742.5016
750,None,64_256,NC12,No,5000,12,45466.8021
250,Immersive Reader,32_128,NC12,No,100,18,33063.7194
50,Speech Services,64_256,None,Yes,100,36,3640.6781
50,Text Analytics,64_256,NV12,Yes,500,18,39237.177
100,None,32_128,NC12,No,100,3,9976.4449
750,Speech Services,32_128,NC12 Promo,No,2000,12,44126.2487
250,Speech Services,32_128,NV12s v3,No,5000,6,20885.7098
500,Speech Services,64_256,NC12,No,5000,3,35795.0295
100,None,8_32,NV12s v3,No,5000,3,7119.0618
500,None,64_256,NC12 Promo,No,0,3,35010.6495
250,Speaker,4_16,NV12,Yes,2000,3,16233.8009
500,Speech Services,16_64,None,No,100,6,31090.1926
100,Immersive Reader,16_64,NV12,Yes,1000,12,7566.6616
50,Immersive Reader,64_256,NC12,No,1000,18,39020.717
500,Text Analytics,4_16,NC12,No,500,6,30596.4618
50,Text Analytics,4_16,None,Yes,5000,24,5359.4272
500,Speech Services,16_64,NV12,No,500,6,32673.7026
500,Speech Services,16_64,NC12 Promo,Yes,1000,3,30462.9013
50,None,4_16,NV12,No,100,6,5062.1718
1000,Speaker,8_32,NV12,Yes,5000,12,58981.3108
50,Face,4_16,NC12 Promo,No,2000,18,5332.4554
100,Text Analytics,16_64,NV12s v3,No,2000,3,7728.4513
50,Speech Services,32_128,None,No,0,18,20254.9994
750,Speech Services,64_256,NV12,Yes,2000,6,56126.229
500,Face,8_32,None,No,2000,18,32348.1708
1000,Text Analytics,64_256,NV12s v3,Yes,5000,18,92803.857
500,Text Analytics,4_16,NC12 Promo,Yes,0,3,29521.4709
500,Speaker,4_16,NV12s v3,No,500,12,29454.5104
100,Face,16_64,NV12,Yes,500,12,7556.4216
750,Speech Services,4_16,None,No,2000,36,42992.0229
100,Face,64_256,None,No,100,12,6892.0021
50,None,32_128,NV12,No,0,3,7338.3649
50,Speech Services,8_32,NV12s v3,Yes,0,12,3730.8308
250,Text Analytics,4_16,NV12,Yes,2000,12,15971.1404
500,Immersive Reader,8_32,NC12 Promo,No,1000,3,29854.6918
50,Speaker,16_64,NV12,Yes,2000,6,6942.0326
750,Speech Services,32_128,NV12s v3,No,2000,3,46600.7849
1000,Face,16_64,NC12 Promo,No,1000,18,65247.2778
500,Face,16_64,None,No,100,6,31093.0526
500,Face,64_256,NV12s v3,Yes,100,3,35174.6595
50,Speaker,4_16,NC12,Yes,5000,18,6104.7154
50,Text Analytics,16_64,NC12 Promo,No,0,3,4687.4313
500,None,16_64,NC12 Promo,No,5000,3,30474.8213
750,Speech Services,16_64,None,Yes,500,6,45406.0926
750,Speaker,8_32,NV12s v3,Yes,2000,3,44333.2218
50,Immersive Reader,16_64,NC12,Yes,1000,18,11628.6878
100,Text Analytics,32_128,None,Yes,0,24,28914.6492
50,Speech Services,8_32,NC12,No,1000,12,4347.8008
50,Face,64_256,NC12,No,1000,18,39016.437
1000,None,64_256,NV12,No,1000,3,64632.5295
50,Speaker,16_64,NC12,No,1000,6,6706.5126
250,Face,4_16,NC12 Promo,No,500,18,16768.4754
100,Immersive Reader,8_32,None,Yes,500,12,5862.9808
250,Text Analytics,4_16,None,Yes,0,6,14926.9118
250,Text Analytics,8_32,NV12,Yes,0,6,17121.4336
100,Speaker,64_256,NC12 Promo,No,5000,18,41146.897
250,Text Analytics,64_256,NC12 Promo,No,0,6,26498.379
50,Text Analytics,16_64,NC12,No,0,6,6674.6326
250,Immersive Reader,32_128,NC12 Promo,Yes,1000,3,17826.6049
50,Speaker,8_32,None,No,1000,12,3014.1108
50,Face,64_256,None,Yes,2000,6,14483.739
1000,Speaker,32_128,NV12,Yes,1000,12,59428.9387
250,None,64_256,None,Yes,100,36,15088.6181
100,None,16_64,NV12s v3,Yes,0,6,8937.2326
500,None,8_32,None,No,500,24,33567.3544
100,Immersive Reader,8_32,NV12,No,5000,3,7955.1418
100,Text Analytics,16_64,NV12s v3,Yes,500,6,8948.8626
50,None,64_256,NV12,No,2000,12,5622.5921
1000,None,64_256,NC12,No,5000,6,70212.559
500,Immersive Reader,8_32,NC12 Promo,Yes,1000,12,29357.9508
250,None,64_256,NC12 Promo,No,2000,3,20724.2595
50,Face,32_128,NC12 Promo,Yes,1000,12,4055.3387
750,Text Analytics,16_64,None,No,500,36,43096.1216
100,Face,4_16,NV12s v3,No,0,18,8326.3754
1000,None,8_32,NV12s v3,Yes,0,6,59222.2936
1000,Speaker,4_16,None,Yes,100,36,57298.3529
1000,Face,4_16,None,Yes,500,24,59722.1472
50,Speaker,16_64,None,Yes,500,24,12746.5604
500,Face,32_128,NV12,No,1000,18,47610.8694
500,Speech Services,64_256,None,No,5000,36,29422.4081
50,Immersive Reader,32_128,NC12,Yes,500,18,21621.7494
100,Speech Services,64_256,NC12 Promo,No,500,3,12126.3795
250,Text Analytics,64_256,NC12 Promo,Yes,0,6,26498.379
1000,Speaker,4_16,NC12 Promo,Yes,0,18,59698.0754
500,None,4_16,NV12s v3,No,2000,6,30009.0018
750,Text Analytics,16_64,NV12s v3,Yes,1000,12,43936.4116
500,Text Analytics,32_128,NV12,No,1000,3,33113.8349
750,None,64_256,NC12 Promo,Yes,100,12,44688.0821
500,Face,32_128,None,No,100,18,46021.3994
50,Face,64_256,NC12,Yes,1000,18,39016.437
50,Speaker,16_64,NV12s v3,No,100,3,4862.8713
500,Face,4_16,NV12s v3,No,1000,3,29697.4109
250,Immersive Reader,8_32,NC12,Yes,100,6,16904.6736
250,Face,4_16,NC12 Promo,Yes,5000,12,14995.5304
500,Text Analytics,16_64,NV12,Yes,5000,3,31459.2513
500,Text Analytics,16_64,NC12,Yes,1000,3,31217.7713
750,None,32_128,NC12 Promo,No,0,3,46421.7449
250,Text Analytics,32_128,NC12 Promo,Yes,5000,18,32325.5594
50,Face,64_256,NC12 Promo,No,5000,6,15082.809
1000,Speech Services,32_128,NC12 Promo,Yes,500,12,58424.2587
750,Face,4_16,NC12 Promo,No,1000,6,44160.3418
100,None,32_128,NC12 Promo,Yes,100,12,6902.5287
1000,Immersive Reader,16_64,NV12s v3,Yes,2000,3,59251.3513
1000,Immersive Reader,8_32,NV12,No,1000,6,60075.9636
750,None,64_256,None,Yes,2000,36,43726.3781
750,Face,8_32,NV12,No,100,12,44636.1008
100,Speech Services,32_128,NC12,No,1000,12,7669.3287
250,Speech Services,4_16,NV12s v3,No,0,12,15118.6504
100,Immersive Reader,16_64,NV12s v3,Yes,500,12,6731.7616
100,Speaker,32_128,NC12 Promo,No,1000,12,6928.7487
750,None,64_256,NV12s v3,Yes,500,18,78476.047
100,Text Analytics,32_128,NC12 Promo,Yes,1000,3,9233.5049
750,Speech Services,8_32,NV12,Yes,100,12,44633.2408
100,Speech Services,4_16,NC12,No,5000,3,7409.9509
250,Speech Services,4_16,None,No,0,12,14370.0504
250,Face,8_32,NC12,Yes,5000,6,16924.2436
1000,Text Analytics,16_64,NC12 Promo,No,0,6,60297.5026
500,Speech Services,32_128,None,Yes,1000,3,31536.2949
750,Speaker,4_16,NV12,Yes,100,6,45144.2718
100,Text Analytics,32_128,NV12s v3,No,2000,6,12293.7898
750,Speech Services,32_128,NV12,Yes,1000,18,61917.9394
500,Face,4_16,NV12,Yes,2000,12,30283.9404
750,Speaker,32_128,NV12s v3,Yes,0,18,61085.6994
50,Face,16_64,NC12,Yes,5000,18,11636.3278
50,None,64_256,None,No,2000,12,4045.0521
500,Text Analytics,64_256,NV12s v3,Yes,2000,3,35189.6895
1000,Speaker,32_128,NC12,No,2000,12,59205.3387
100,Speaker,4_16,NC12 Promo,No,500,3,6651.4909
50,Speech Services,8_32,NC12,No,2000,18,7935.4108
100,Text Analytics,8_32,NV12s v3,Yes,1000,12,6610.4008
750,None,8_32,NC12 Promo,No,500,3,44151.5218
100,Text Analytics,16_64,NC12,No,0,6,9536.6126
50,Face,8_32,NV12s v3,Yes,1000,3,4248.0218
750,Speech Services,16_64,NC12 Promo,No,5000,18,50946.4078
750,Immersive Reader,4_16,NV12,Yes,100,12,44580.2604
750,Text Analytics,8_32,None,No,100,24,47871.3144
50,Speaker,4_16,NV12s v3,Yes,500,3,3945.0009
750,Immersive Reader,64_256,NV12s v3,No,1000,12,44862.6421
50,Speech Services,4_16,None,No,2000,18,4736.4854
500,Immersive Reader,8_32,NC12,No,5000,12,30124.7408
250,None,32_128,None,Yes,5000,12,14919.2287
1000,Speech Services,4_16,NC12,No,5000,18,60468.1654
50,None,64_256,NC12 Promo,No,100,3,9258.4295
750,Text Analytics,32_128,None,No,2000,3,45852.1849
250,Immersive Reader,32_128,None,No,500,24,37519.3792
250,Text Analytics,64_256,None,No,5000,3,20137.1095
750,Face,32_128,NV12,Yes,2000,6,50331.4198
500,Text Analytics,64_256,NC12,No,5000,3,35795.0295
